{
  "episode": 30,
  "total_episodes": 30,
  "best_score": 290,
  "best_reward": 580.0,
  "win_rate": 0.0,
  "death_rate": 0.8666666666666667,
  "timeout_rate": 0.13333333333333333,
  "average_reward": 1.3333333333333333,
  "average_score": 145.33333333333334,
  "average_steps": 618.8666666666667,
  "episode_rewards": [
    -121.0,
    -82.0,
    119.0,
    -50.0,
    -89.0,
    560.0,
    580.0,
    520.0,
    -360.0,
    -59.0,
    52.0,
    -110.0,
    -100.0,
    120.0,
    450.0,
    -39.0,
    -135.0,
    -21.0,
    -118.0,
    -45.0,
    -78.0,
    -6.0,
    -199.0,
    -16.0,
    -124.0,
    -90.0,
    -140.0,
    40.0,
    -70.0,
    -349.0
  ],
  "episode_scores": [
    140,
    110,
    270,
    130,
    90,
    170,
    180,
    120,
    90,
    150,
    210,
    180,
    120,
    290,
    90,
    190,
    110,
    240,
    110,
    170,
    130,
    120,
    60,
    170,
    130,
    170,
    80,
    170,
    100,
    70
  ],
  "episode_steps": [
    552,
    713,
    652,
    721,
    560,
    800,
    800,
    800,
    151,
    590,
    609,
    491,
    561,
    791,
    800,
    640,
    786,
    552,
    559,
    746,
    649,
    747,
    560,
    677,
    545,
    441,
    591,
    731,
    591,
    160
  ],
  "episode_epsilons": [
    0.9995,
    0.9990002500000001,
    0.9985007498750001,
    0.9980014995000627,
    0.9975024987503127,
    0.9970037475009377,
    0.9965052456271872,
    0.9960069930043737,
    0.9955089895078716,
    0.9950112350131177,
    0.9945137293956112,
    0.9940164725309134,
    0.993519464294648,
    0.9930227045625007,
    0.9925261932102195,
    0.9920299301136145,
    0.9915339151485577,
    0.9910381481909836,
    0.9905426291168881,
    0.9900473578023297,
    0.9895523341234286,
    0.989057557956367,
    0.9885630291773888,
    0.9880687476628002,
    0.9875747132889688,
    0.9870809259323243,
    0.9865873854693583,
    0.9860940917766237,
    0.9856010447307354,
    0.9851082442083701
  ],
  "learning_rate_history": []
}