{
  "episode": 55,
  "total_episodes": 55,
  "best_score": 520,
  "best_reward": 2500.0,
  "win_rate": 0.0,
  "death_rate": 0.8,
  "timeout_rate": 0.2,
  "average_reward": 91.49090909090908,
  "average_score": 152.1818181818182,
  "average_steps": 643.3090909090909,
  "episode_rewards": [
    -121.0,
    -82.0,
    119.0,
    -50.0,
    -89.0,
    560.0,
    580.0,
    520.0,
    -360.0,
    -59.0,
    52.0,
    -110.0,
    -100.0,
    120.0,
    450.0,
    -39.0,
    -135.0,
    -21.0,
    -118.0,
    -45.0,
    -78.0,
    -6.0,
    -199.0,
    -16.0,
    -124.0,
    -90.0,
    -140.0,
    40.0,
    -70.0,
    -349.0,
    77.0,
    -149.0,
    -119.0,
    660.0,
    680.0,
    -90.0,
    -138.0,
    2500.0,
    -60.0,
    620.0,
    -113.0,
    550.0,
    450.0,
    -25.0,
    -60.0,
    -29.0,
    -121.0,
    103.0,
    -10.0,
    -139.0,
    -8.0,
    39.0,
    510.0,
    35.0,
    -171.0
  ],
  "episode_scores": [
    140,
    110,
    270,
    130,
    90,
    170,
    180,
    120,
    90,
    150,
    210,
    180,
    120,
    290,
    90,
    190,
    110,
    240,
    110,
    170,
    130,
    120,
    60,
    170,
    130,
    170,
    80,
    170,
    100,
    70,
    80,
    110,
    120,
    200,
    250,
    160,
    120,
    520,
    110,
    230,
    150,
    130,
    90,
    90,
    150,
    140,
    100,
    220,
    190,
    120,
    150,
    180,
    110,
    180,
    110
  ],
  "episode_steps": [
    552,
    713,
    652,
    721,
    560,
    800,
    800,
    800,
    151,
    590,
    609,
    491,
    561,
    791,
    800,
    640,
    786,
    552,
    559,
    746,
    649,
    747,
    560,
    677,
    545,
    441,
    591,
    731,
    591,
    160,
    784,
    560,
    540,
    800,
    800,
    551,
    589,
    800,
    711,
    800,
    434,
    800,
    800,
    736,
    511,
    740,
    552,
    698,
    581,
    500,
    649,
    752,
    800,
    756,
    572
  ],
  "episode_epsilons": [
    0.9995,
    0.9990002500000001,
    0.9985007498750001,
    0.9980014995000627,
    0.9975024987503127,
    0.9970037475009377,
    0.9965052456271872,
    0.9960069930043737,
    0.9955089895078716,
    0.9950112350131177,
    0.9945137293956112,
    0.9940164725309134,
    0.993519464294648,
    0.9930227045625007,
    0.9925261932102195,
    0.9920299301136145,
    0.9915339151485577,
    0.9910381481909836,
    0.9905426291168881,
    0.9900473578023297,
    0.9895523341234286,
    0.989057557956367,
    0.9885630291773888,
    0.9880687476628002,
    0.9875747132889688,
    0.9870809259323243,
    0.9865873854693583,
    0.9860940917766237,
    0.9856010447307354,
    0.9851082442083701,
    0.9846156900862659,
    0.9841233822412229,
    0.9836313205501023,
    0.9831395048898273,
    0.9826479351373825,
    0.9821566111698138,
    0.981665532864229,
    0.981174700097797,
    0.980684112747748,
    0.9801937706913743,
    0.9797036738060286,
    0.9792138219691257,
    0.9787242150581411,
    0.9782348529506121,
    0.9777457355241369,
    0.9772568626563749,
    0.9767682342250468,
    0.9762798501079343,
    0.9757917101828804,
    0.9753038143277889,
    0.9748161624206251,
    0.9743287543394149,
    0.9738415899622452,
    0.9733546691672641,
    0.9728679918326806
  ],
  "learning_rate_history": []
}