{
  "episode": 10,
  "total_episodes": 10,
  "best_score": 270,
  "best_reward": 580.0,
  "win_rate": 0.0,
  "death_rate": 0.7,
  "timeout_rate": 0.3,
  "average_reward": 101.8,
  "average_score": 145.0,
  "average_steps": 633.9,
  "episode_rewards": [
    -121.0,
    -82.0,
    119.0,
    -50.0,
    -89.0,
    560.0,
    580.0,
    520.0,
    -360.0,
    -59.0
  ],
  "episode_scores": [
    140,
    110,
    270,
    130,
    90,
    170,
    180,
    120,
    90,
    150
  ],
  "episode_steps": [
    552,
    713,
    652,
    721,
    560,
    800,
    800,
    800,
    151,
    590
  ],
  "episode_epsilons": [
    0.9995,
    0.9990002500000001,
    0.9985007498750001,
    0.9980014995000627,
    0.9975024987503127,
    0.9970037475009377,
    0.9965052456271872,
    0.9960069930043737,
    0.9955089895078716,
    0.9950112350131177
  ],
  "learning_rate_history": []
}