{
  "episode": 15,
  "total_episodes": 15,
  "best_score": 290,
  "best_reward": 580.0,
  "win_rate": 0.0,
  "death_rate": 0.7333333333333333,
  "timeout_rate": 0.26666666666666666,
  "average_reward": 95.33333333333333,
  "average_score": 156.0,
  "average_steps": 639.4,
  "episode_rewards": [
    -121.0,
    -82.0,
    119.0,
    -50.0,
    -89.0,
    560.0,
    580.0,
    520.0,
    -360.0,
    -59.0,
    52.0,
    -110.0,
    -100.0,
    120.0,
    450.0
  ],
  "episode_scores": [
    140,
    110,
    270,
    130,
    90,
    170,
    180,
    120,
    90,
    150,
    210,
    180,
    120,
    290,
    90
  ],
  "episode_steps": [
    552,
    713,
    652,
    721,
    560,
    800,
    800,
    800,
    151,
    590,
    609,
    491,
    561,
    791,
    800
  ],
  "episode_epsilons": [
    0.9995,
    0.9990002500000001,
    0.9985007498750001,
    0.9980014995000627,
    0.9975024987503127,
    0.9970037475009377,
    0.9965052456271872,
    0.9960069930043737,
    0.9955089895078716,
    0.9950112350131177,
    0.9945137293956112,
    0.9940164725309134,
    0.993519464294648,
    0.9930227045625007,
    0.9925261932102195
  ],
  "learning_rate_history": []
}